[
  {
    "type": "cloth",
    "name": "popcat_1",
    "time": 5,
    "info": "Wave Table: Surfing the crypto tides like a true legend.",
    "price": 150,
    "id": 1000701
  },
  {
    "type": "cloth",
    "name": "popcat_2",
    "time": 5,
    "info": "Deep Sea Tank: Mysterious depths, just like his identity.",
    "price": 150,
    "id": 1000702
  },
  {
    "type": "cloth",
    "name": "pippin_1",
    "time": 5,
    "info": "Wave Table: Surfing the crypto tides like a true legend.",
    "price": 150,
    "id": 1001001
  },
  {
    "type": "cloth",
    "name": "pippin_2",
    "time": 5,
    "info": "Deep Sea Tank: Mysterious depths, just like his identity.",
    "price": 150,
    "id": 1001002
  },
  {
    "type": "cloth",
    "name": "pepe_1",
    "time": 5,
    "info": "Wave Table: Surfing the crypto tides like a true legend.",
    "price": 150,
    "id": 1000801
  },
  {
    "type": "cloth",
    "name": "pepe_2",
    "time": 5,
    "info": "Deep Sea Tank: Mysterious depths, just like his identity.",
    "price": 150,
    "id": 1000802
  },
  {
    "type": "cloth",
    "name": "luna_1",
    "time": 5,
    "info": "Wave Table: Surfing the crypto tides like a true legend.",
    "price": 150,
    "id": 1001501
  },
  {
    "type": "cloth",
    "name": "luna_2",
    "time": 5,
    "info": "Deep Sea Tank: Mysterious depths, just like his identity.",
    "price": 150,
    "id": 1001502
  },
  {
    "type": "cloth",
    "name": "ava_1",
    "time": 5,
    "info": "Wave Table: Surfing the crypto tides like a true legend.",
    "price": 150,
    "id": 1001401
  },
  {
    "type": "cloth",
    "name": "ava_2",
    "time": 5,
    "info": "Deep Sea Tank: Mysterious depths, just like his identity.",
    "price": 150,
    "id": 1001402
  },
  {
    "type": "cloth",
    "name": "trump_1",
    "time": 5,
    "info": "Wave Table: Surfing the crypto tides like a true legend.",
    "price": 150,
    "id": 1001201
  },
  {
    "type": "cloth",
    "name": "trump_2",
    "time": 5,
    "info": "Deep Sea Tank: Mysterious depths, just like his identity.",
    "price": 150,
    "id": 1001202
  },
  {
    "type": "cloth",
    "name": "elon_1",
    "time": 5,
    "info": "Wave Table: Surfing the crypto tides like a true legend.",
    "price": 150,
    "id": 1000901
  },
  {
    "type": "cloth",
    "name": "elon_2",
    "time": 5,
    "info": "Deep Sea Tank: Mysterious depths, just like his identity.",
    "price": 150,
    "id": 1000902
  },
  {
    "type": "cloth",
    "name": "satoshi_1",
    "time": 5,
    "info": "Wave Table: Surfing the crypto tides like a true legend.",
    "price": 150,
    "id": 1000601
  },
  {
    "type": "cloth",
    "name": "satoshi_2",
    "time": 5,
    "info": "Deep Sea Tank: Mysterious depths, just like his identity.",
    "price": 150,
    "id": 1000602
  }
]