{
  "name": "map1",
  "width": 1472,
  "height": 2816,
  "objectgroup": {
    "name": "object",
    "objects":[
      {
       "height":0,
       "id":1,
       "name":"pepeSleep",
       "rotation":0,
       "type":"",
       "visible":true,
       "width":0,
       "x":1006.66666666667,
       "y":334.666666666667
      }, 
      {
       "height":0,
       "id":2,
       "name":"pepeRead",
       "rotation":0,
       "type":"",
       "visible":true,
       "width":0,
       "x":1101.33333333333,
       "y":397.333333333333
      }, 
      {
       "height":0,
       "id":3,
       "name":"pepeThink",
       "rotation":0,
       "type":"",
       "visible":true,
       "width":0,
       "x":1103.5,
       "y":401
      }, 
      {
       "height":0,
       "id":4,
       "name":"pepeEat",
       "rotation":0,
       "type":"",
       "visible":true,
       "width":0,
       "x":1106,
       "y":403
      }, 
      {
       "height":0,
       "id":5,
       "name":"pepeCook",
       "rotation":0,
       "type":"",
       "visible":true,
       "width":0,
       "x":850,
       "y":497
      }, 
      {
       "height":0,
       "id":6,
       "name":"pepeCleanItem",
       "rotation":0,
       "type":"",
       "visible":true,
       "width":0,
       "x":1104,
       "y":654
      }, 
      {
       "height":0,
       "id":7,
       "name":"pepeGetItem",
       "rotation":0,
       "type":"",
       "visible":true,
       "width":0,
       "x":847,
       "y":656
      }, 
      {
       "height":0,
       "id":8,
       "name":"pepeSale",
       "rotation":0,
       "type":"",
       "visible":true,
       "width":0,
       "x":1137,
       "y":723
      }, 
      {
       "height":0,
       "id":9,
       "name":"pepeBuy",
       "rotation":0,
       "type":"",
       "visible":true,
       "width":0,
       "x":1136,
       "y":784
      }, 
      {
       "height":0,
       "id":10,
       "name":"popcatSleep",
       "rotation":0,
       "type":"",
       "visible":true,
       "width":0,
       "x":1102.66666666667,
       "y":1681.33333333333
      }, 
      {
       "height":0,
       "id":11,
       "name":"popcatCook",
       "rotation":0,
       "type":"",
       "visible":true,
       "width":0,
       "x":1294.66666666667,
       "y":1646.66666666667
      }, 
      {
       "height":0,
       "id":13,
       "name":"popcatEat",
       "rotation":0,
       "type":"",
       "visible":true,
       "width":0,
       "x":1165,
       "y":1776
      }, 
      {
       "height":0,
       "id":14,
       "name":"popcatThink",
       "rotation":0,
       "type":"",
       "visible":true,
       "width":0,
       "x":1166,
       "y":1779.33333333333
      }, 
      {
       "height":0,
       "id":15,
       "name":"popcatRead",
       "rotation":0,
       "type":"",
       "visible":true,
       "width":0,
       "x":1166,
       "y":1774.66666666667
      }, 
      {
       "height":0,
       "id":16,
       "name":"popcatFish_up_1",
       "rotation":0,
       "type":"",
       "visible":true,
       "width":0,
       "x":910.667,
       "y":1997.66333333333
      }, 
      {
       "height":0,
       "id":17,
       "name":"popcatFish_right_1",
       "rotation":0,
       "type":"",
       "visible":true,
       "width":0,
       "x":1201.33,
       "y":2065.33333333333
      }, 
      {
       "height":0,
       "id":18,
       "name":"popcatFish_right_2",
       "rotation":0,
       "type":"",
       "visible":true,
       "width":0,
       "x":1202,
       "y":2034.66333333333
      }, 
      {
       "height":0,
       "id":19,
       "name":"popcatFish_right_3",
       "rotation":0,
       "type":"",
       "visible":true,
       "width":0,
       "x":1201.33,
       "y":2097.33333333333
      }, 
      {
       "height":0,
       "id":20,
       "name":"popcatFish_right_4",
       "rotation":0,
       "type":"",
       "visible":true,
       "width":0,
       "x":1201.33,
       "y":2131.33333333333
      }, 
      {
       "height":0,
       "id":21,
       "name":"popcatFish_right_5",
       "rotation":0,
       "type":"",
       "visible":true,
       "width":0,
       "x":1200.33,
       "y":2162.21333333333
      }, 
      {
       "height":0,
       "id":22,
       "name":"popcatFish_right_6",
       "rotation":0,
       "type":"",
       "visible":true,
       "width":0,
       "x":1234.66666666667,
       "y":2384.66666666667
      }, 
      {
       "height":0,
       "id":24,
       "name":"popcatFish_left_1",
       "rotation":0,
       "type":"",
       "visible":true,
       "width":0,
       "x":719.666666666667,
       "y":2578
      }, 
      {
       "height":0,
       "id":25,
       "name":"popcatFish_left_2",
       "rotation":0,
       "type":"",
       "visible":true,
       "width":0,
       "x":720.666666666667,
       "y":2609
      }, 
      {
       "height":0,
       "id":26,
       "name":"popcatFish_down_1",
       "rotation":0,
       "type":"",
       "visible":true,
       "width":0,
       "x":1008,
       "y":2254.66666666667
      }, 
      {
       "height":0,
       "id":27,
       "name":"popcatSale",
       "rotation":0,
       "type":"",
       "visible":true,
       "width":0,
       "x":849,
       "y":2382
      }, 
      {
       "height":0,
       "id":28,
       "name":"popcatBuy",
       "rotation":0,
       "type":"",
       "visible":true,
       "width":0,
       "x":879,
       "y":2383
      }, 
      {
       "height":0,
       "id":29,
       "name":"pippinCook",
       "rotation":0,
       "type":"",
       "visible":true,
       "width":0,
       "x":560,
       "y":1680
      }, 
      {
       "height":0,
       "id":30,
       "name":"pippinSleep",
       "rotation":0,
       "type":"",
       "visible":true,
       "width":0,
       "x":431.333333333333,
       "y":1679.33333333333
      }, 
      {
       "height":0,
       "id":31,
       "name":"pippinEat",
       "rotation":0,
       "type":"",
       "visible":true,
       "width":0,
       "x":529.333333333333,
       "y":1778
      }, 
      {
       "height":0,
       "id":32,
       "name":"pippinRead",
       "rotation":0,
       "type":"",
       "visible":true,
       "width":0,
       "x":334,
       "y":1842
      }, 
      {
       "height":0,
       "id":33,
       "name":"pippinThink",
       "rotation":0,
       "type":"",
       "visible":true,
       "width":0,
       "x":590,
       "y":2289.33333333333
      }, 
      {
       "height":0,
       "id":34,
       "name":"avaDricoffee",
       "rotation":0,
       "type":"",
       "visible":true,
       "width":0,
       "x":462.666666666667,
       "y":1934.66666666667
      }, 
      {
       "height":0,
       "id":35,
       "name":"muskDricoffee",
       "rotation":0,
       "type":"",
       "visible":true,
       "width":0,
       "x":462,
       "y":1999.5
      }, 
      {
       "height":0,
       "id":36,
       "name":"pepeDricoffee",
       "rotation":0,
       "type":"",
       "visible":true,
       "width":0,
       "x":462,
       "y":2065
      }, 
      {
       "height":0,
       "id":38,
       "name":"popcatDricoffee",
       "rotation":0,
       "type":"",
       "visible":true,
       "width":0,
       "x":591.5,
       "y":2032.5
      }, 
      {
       "height":0,
       "id":39,
       "name":"satoshiDricoffee",
       "rotation":0,
       "type":"",
       "visible":true,
       "width":0,
       "x":591,
       "y":2096
      }, 
      {
       "height":0,
       "id":41,
       "name":"trumpDricoffee",
       "rotation":0,
       "type":"",
       "visible":true,
       "width":0,
       "x":687.5,
       "y":2032.5
      }, 
      {
       "height":0,
       "id":42,
       "name":"pippinSale",
       "rotation":0,
       "type":"",
       "visible":true,
       "width":0,
       "x":592,
       "y":1905
      }, 
      {
       "height":0,
       "id":43,
       "name":"pippinBuy",
       "rotation":0,
       "type":"",
       "visible":true,
       "width":0,
       "x":592,
       "y":1973
      }, 
      {
       "height":0,
       "id":44,
       "name":"pippinMakeCoffee",
       "rotation":0,
       "type":"",
       "visible":true,
       "width":0,
       "x":655.666666666667,
       "y":1902.33333333333
      }, 
      {
       "height":0,
       "id":46,
       "name":"pepeDraw_right_1",
       "rotation":0,
       "type":"",
       "visible":true,
       "width":0,
       "x":1169,
       "y":1199
      }, 
      {
       "height":0,
       "id":47,
       "name":"pepeDraw_up_2",
       "rotation":0,
       "type":"",
       "visible":true,
       "width":0,
       "x":1296,
       "y":1231
      }]
  }
}
