{
  "name": "map2",
  "width": 1472,
  "height": 2816,
  "objectgroup": {
    "name": "object",
    "objects":[
      {
       "height":0,
       "id":46,
       "name":"avaGame",
       "rotation":0,
       "type":"",
       "visible":true,
       "width":0,
       "x":878.583333333333,
       "y":1839.59757575758
      }, 
      {
       "height":0,
       "id":47,
       "name":"avaData",
       "rotation":0,
       "type":"",
       "visible":true,
       "width":0,
       "x":1040.99666666667,
       "y":1773.92424242424
      }, 
      {
       "height":0,
       "id":48,
       "name":"avaRead",
       "rotation":0,
       "type":"",
       "visible":true,
       "width":0,
       "x":1135.24666666667,
       "y":1871.42424242424
      }, 
      {
       "height":0,
       "id":49,
       "name":"avaCook",
       "rotation":0,
       "type":"",
       "visible":true,
       "width":0,
       "x":1136.66666666667,
       "y":1997.26090909091
      }, 
      {
       "height":0,
       "id":50,
       "name":"avaEat",
       "rotation":0,
       "type":"",
       "visible":true,
       "width":0,
       "x":1135.17,
       "y":2064.43090909091
      }, 
      {
       "height":0,
       "id":51,
       "name":"avaSleep",
       "rotation":0,
       "type":"",
       "visible":true,
       "width":0,
       "x":877.666666666667,
       "y":1972.09424242424
      }, 
      {
       "height":0,
       "id":52,
       "name":"avaThink",
       "rotation":0,
       "type":"",
       "visible":true,
       "width":0,
       "x":1134.66666666667,
       "y":1872.59424242424
      }, 
      {
       "height":0,
       "id":54,
       "name":"lunaSing",
       "rotation":0,
       "type":"",
       "visible":true,
       "width":0,
       "x":366.617424242424,
       "y":333.741515151515
      }, 
      {
       "height":0,
       "id":55,
       "name":"lunaEat",
       "rotation":0,
       "type":"",
       "visible":true,
       "width":0,
       "x":334.689060606061,
       "y":942.723030303031
      }, 
      {
       "height":0,
       "id":56,
       "name":"lunaSleep",
       "rotation":0,
       "type":"",
       "visible":true,
       "width":0,
       "x":145.583333333333,
       "y":976.927575757576
      }, 
      {
       "height":0,
       "id":57,
       "name":"lunaCook",
       "rotation":0,
       "type":"",
       "visible":true,
       "width":0,
       "x":430.416333333333,
       "y":1102.09757575758
      }, 
      {
       "height":0,
       "id":58,
       "name":"lunaRead",
       "rotation":0,
       "type":"",
       "visible":true,
       "width":0,
       "x":335.999666666667,
       "y":1263.76424242424
      }, 
      {
       "height":0,
       "id":62,
       "name":"lunaThink",
       "rotation":0,
       "type":"",
       "visible":true,
       "width":0,
       "x":526.666666666667,
       "y":1296
      }, 
      {
       "height":0,
       "id":66,
       "name":"lunaBuild_up_1",
       "rotation":0,
       "type":"",
       "visible":true,
       "width":0,
       "x":241,
       "y":176
      }, 
      {
       "height":0,
       "id":67,
       "name":"lunaBuild_down_2",
       "rotation":0,
       "type":"",
       "visible":true,
       "width":0,
       "x":465,
       "y":367
      }, 
      {
       "height":0,
       "id":68,
       "name":"avaCheck_left_1",
       "rotation":0,
       "type":"",
       "visible":true,
       "width":0,
       "x":241,
       "y":367
      }, 
      {
       "height":0,
       "id":69,
       "name":"avaCheck_down_2",
       "rotation":0,
       "type":"",
       "visible":true,
       "width":0,
       "x":336,
       "y":622
      }, 
      {
       "height":0,
       "id":70,
       "name":"avaCheck_up_3",
       "rotation":0,
       "type":"",
       "visible":true,
       "width":0,
       "x":273,
       "y":719
      }, 
      {
       "height":0,
       "id":71,
       "name":"lunaBuild_up_3",
       "rotation":0,
       "type":"",
       "visible":true,
       "width":0,
       "x":496,
       "y":718
      }]
  }
}
