{
  "name": "map3",
  "width": 1472,
  "height": 2816,
  "objectgroup": {
    "name": "object",
    "objects":[
      {
       "height":0,
       "id":66,
       "name":"workbench",
       "rotation":0,
       "type":"",
       "visible":true,
       "width":0,
       "x":1134,
       "y":306.5
      }, 
      {
       "height":0,
       "id":67,
       "name":"bookstack",
       "rotation":0,
       "type":"",
       "visible":true,
       "width":0,
       "x":1006.5,
       "y":690.5
      }, 
      {
       "height":0,
       "id":68,
       "name":"chair",
       "rotation":0,
       "type":"",
       "visible":true,
       "width":0,
       "x":1103,
       "y":723.5
      }, 
      {
       "height":0,
       "id":69,
       "name":"computer",
       "rotation":0,
       "type":"",
       "visible":true,
       "width":0,
       "x":1232,
       "y":723
      }, 
      {
       "height":0,
       "id":70,
       "name":"muskData_right_1",
       "rotation":0,
       "type":"",
       "visible":true,
       "width":0,
       "x":1199.02696969697,
       "y":1651.76090909091
      }, 
      {
       "height":0,
       "id":71,
       "name":"muskData_up_1",
       "rotation":0,
       "type":"",
       "visible":true,
       "width":0,
       "x":883.02696969697,
       "y":1971.76090909091
      }, 
      {
       "height":0,
       "id":72,
       "name":"muskData_left_1",
       "rotation":0,
       "type":"",
       "visible":true,
       "width":0,
       "x":975.02696969697,
       "y":2451.76090909091
      }, 
      {
       "height":0,
       "id":73,
       "name":"muskMeeting",
       "rotation":0,
       "type":"",
       "visible":true,
       "width":0,
       "x":1325.69696969697,
       "y":1907.76090909091
      }, 
      {
       "height":0,
       "id":74,
       "name":"muskRead",
       "rotation":0,
       "type":"",
       "visible":true,
       "width":0,
       "x":1391.02696969697,
       "y":1939.76090909091
      }, 
      {
       "height":0,
       "id":75,
       "name":"muskEat",
       "rotation":0,
       "type":"",
       "visible":true,
       "width":0,
       "x":1228.35696969697,
       "y":2193.09090909091
      }, 
      {
       "height":0,
       "id":76,
       "name":"muskCook",
       "rotation":0,
       "type":"",
       "visible":true,
       "width":0,
       "x":1263.02696969697,
       "y":2354.43090909091
      }, 
      {
       "height":0,
       "id":77,
       "name":"muskSleep",
       "rotation":0,
       "type":"",
       "visible":true,
       "width":0,
       "x":1101.69696969697,
       "y":2097.09090909091
      }, 
      {
       "height":0,
       "id":78,
       "name":"muskThink",
       "rotation":0,
       "type":"",
       "visible":true,
       "width":0,
       "x":1357.69696969697,
       "y":2577.09090909091
      }, 
      {
       "height":0,
       "id":79,
       "name":"satoshiTree",
       "rotation":0,
       "type":"",
       "visible":true,
       "width":0,
       "x":1202.84848484848,
       "y":1199.69363636364
      }, 
      {
       "height":0,
       "id":80,
       "name":"popcatTree",
       "rotation":0,
       "type":"",
       "visible":true,
       "width":0,
       "x":1237.34848484848,
       "y":1203.19363636364
      }, 
      {
       "height":0,
       "id":81,
       "name":"pepeTree",
       "rotation":0,
       "type":"",
       "visible":true,
       "width":0,
       "x":1267.34848484848,
       "y":1200.69363636364
      }, 
      {
       "height":0,
       "id":82,
       "name":"muskTree",
       "rotation":0,
       "type":"",
       "visible":true,
       "width":0,
       "x":1299.34848484848,
       "y":1203.19363636364
      }, 
      {
       "height":0,
       "id":83,
       "name":"pippinTree",
       "rotation":0,
       "type":"",
       "visible":true,
       "width":0,
       "x":1330.34848484848,
       "y":1201.69363636364
      }, 
      {
       "height":0,
       "id":84,
       "name":"elizaTree",
       "rotation":0,
       "type":"",
       "visible":true,
       "width":0,
       "x":1360.34848484848,
       "y":1200.69363636364
      }, 
      {
       "height":0,
       "id":85,
       "name":"trumpTree",
       "rotation":0,
       "type":"",
       "visible":true,
       "width":0,
       "x":1393.51848484848,
       "y":1166.69363636364
      }, 
      {
       "height":0,
       "id":86,
       "name":"trumpMeeting",
       "rotation":0,
       "type":"",
       "visible":true,
       "width":0,
       "x":366.515151515152,
       "y":178.023636363636
      }, 
      {
       "height":0,
       "id":87,
       "name":"trumpThink",
       "rotation":0,
       "type":"",
       "visible":true,
       "width":0,
       "x":365.845151515151,
       "y":306.023636363636
      }, 
      {
       "height":0,
       "id":88,
       "name":"trumpSleep",
       "rotation":0,
       "type":"",
       "visible":true,
       "width":0,
       "x":141.185151515152,
       "y":526.693636363636
      }, 
      {
       "height":0,
       "id":89,
       "name":"trumpRead",
       "rotation":0,
       "type":"",
       "visible":true,
       "width":0,
       "x":109.845151515151,
       "y":625.363636363636
      }, 
      {
       "height":0,
       "id":90,
       "name":"trumpEat",
       "rotation":0,
       "type":"",
       "visible":true,
       "width":0,
       "x":525.185151515152,
       "y":623.363636363636
      }, 
      {
       "height":0,
       "id":91,
       "name":"trumpCook",
       "rotation":0,
       "type":"",
       "visible":true,
       "width":0,
       "x":589.185151515152,
       "y":467.363636363636
      }, 
      {
       "height":0,
       "id":92,
       "name":"trumpSpeech",
       "rotation":0,
       "type":"",
       "visible":true,
       "width":0,
       "x":364.515151515152,
       "y":787.363636363636
      }, 
      {
       "height":0,
       "id":93,
       "name":"trumpCheck_down_1",
       "rotation":0,
       "type":"",
       "visible":true,
       "width":0,
       "x":1070.66666666667,
       "y":1550.66666666667
      }, 
      {
       "height":0,
       "id":94,
       "name":"trumpCheck_left_2",
       "rotation":0,
       "type":"",
       "visible":true,
       "width":0,
       "x":1166.66666666667,
       "y":1741.33333333333
      }, 
      {
       "height":0,
       "id":95,
       "name":"trumpCheck_up_3",
       "rotation":0,
       "type":"",
       "visible":true,
       "width":0,
       "x":1006.66666666667,
       "y":1934.66666666667
      }, 
      {
       "height":0,
       "id":96,
       "name":"satoshiFix_down_1",
       "rotation":0,
       "type":"",
       "visible":true,
       "width":0,
       "x":1070,
       "y":1710
      }, 
      {
       "height":0,
       "id":97,
       "name":"satoshiFix_left_2",
       "rotation":0,
       "type":"",
       "visible":true,
       "width":0,
       "x":977,
       "y":1746
      }, 
      {
       "height":0,
       "id":98,
       "name":"satoshiFix_up_3",
       "rotation":0,
       "type":"",
       "visible":true,
       "width":0,
       "x":942,
       "y":1841
      }]
  }
}
