{
  "name": "map4",
  "width": 1472,
  "height": 2816,
  "objectgroup": {
    "name": "object",
    "objects":[
      {
       "height":0,
       "id":93,
       "name":"aidenSleep",
       "rotation":0,
       "type":"",
       "visible":true,
       "width":0,
       "x":205.333,
       "y":593.667
      }, 
      {
       "height":0,
       "id":94,
       "name":"aidenCook",
       "rotation":0,
       "type":"",
       "visible":true,
       "width":0,
       "x":365.333,
       "y":592
      }, 
      {
       "height":0,
       "id":95,
       "name":"aidenEat",
       "rotation":0,
       "type":"",
       "visible":true,
       "width":0,
       "x":176,
       "y":689.333
      }, 
      {
       "height":0,
       "id":96,
       "name":"aidenRead",
       "rotation":0,
       "type":"",
       "visible":true,
       "width":0,
       "x":175.333,
       "y":689.333
      }, 
      {
       "height":0,
       "id":97,
       "name":"aidenSport",
       "rotation":0,
       "type":"",
       "visible":true,
       "width":0,
       "x":206,
       "y":912
      }, 
      {
       "height":0,
       "id":98,
       "name":"novaWater",
       "rotation":0,
       "type":"",
       "visible":true,
       "width":0,
       "x":1102,
       "y":176
      }, 
      {
       "height":0,
       "id":99,
       "name":"novaSleep",
       "rotation":0,
       "type":"",
       "visible":true,
       "width":0,
       "x":1298,
       "y":304.5
      }, 
      {
       "height":0,
       "id":100,
       "name":"novaRead",
       "rotation":0,
       "type":"",
       "visible":true,
       "width":0,
       "x":1201,
       "y":336
      }, 
      {
       "height":0,
       "id":101,
       "name":"novaCook",
       "rotation":0,
       "type":"",
       "visible":true,
       "width":0,
       "x":1070.5,
       "y":337.5
      }, 
      {
       "height":0,
       "id":102,
       "name":"novaEat",
       "rotation":0,
       "type":"",
       "visible":true,
       "width":0,
       "x":1071.5,
       "y":464.5
      }, 
      {
       "height":0,
       "id":103,
       "name":"leoSleep",
       "rotation":0,
       "type":"",
       "visible":true,
       "width":0,
       "x":301.333,
       "y":1166.67
      }, 
      {
       "height":0,
       "id":104,
       "name":"leoRead",
       "rotation":0,
       "type":"",
       "visible":true,
       "width":0,
       "x":401.333,
       "y":1134.67
      }, 
      {
       "height":0,
       "id":105,
       "name":"leoEat",
       "rotation":0,
       "type":"",
       "visible":true,
       "width":0,
       "x":400,
       "y":1230
      }, 
      {
       "height":0,
       "id":106,
       "name":"leoDraw",
       "rotation":0,
       "type":"",
       "visible":true,
       "width":0,
       "x":398,
       "y":1362.67
      }, 
      {
       "height":0,
       "id":107,
       "name":"leoCook",
       "rotation":0,
       "type":"",
       "visible":true,
       "width":0,
       "x":174,
       "y":1330
      }, 
      {
       "height":0,
       "id":108,
       "name":"ivyCook",
       "rotation":0,
       "type":"",
       "visible":true,
       "width":0,
       "x":462,
       "y":1649.33
      }, 
      {
       "height":0,
       "id":109,
       "name":"ivySleep",
       "rotation":0,
       "type":"",
       "visible":true,
       "width":0,
       "x":332.667,
       "y":1648
      }, 
      {
       "height":0,
       "id":110,
       "name":"ivyEat",
       "rotation":0,
       "type":"",
       "visible":true,
       "width":0,
       "x":400.667,
       "y":1775.33
      }, 
      {
       "height":0,
       "id":111,
       "name":"ivyRead",
       "rotation":0,
       "type":"",
       "visible":true,
       "width":0,
       "x":402,
       "y":1776.67
      }, 
      {
       "height":0,
       "id":112,
       "name":"ivyCake",
       "rotation":0,
       "type":"",
       "visible":true,
       "width":0,
       "x":338,
       "y":1871.33
      }, 
      {
       "height":0,
       "id":113,
       "name":"selenaSleep",
       "rotation":0,
       "type":"",
       "visible":true,
       "width":0,
       "x":207.5,
       "y":2225.5
      }, 
      {
       "height":0,
       "id":114,
       "name":"selenaEat",
       "rotation":0,
       "type":"",
       "visible":true,
       "width":0,
       "x":304.5,
       "y":2224
      }, 
      {
       "height":0,
       "id":115,
       "name":"selenaRead",
       "rotation":0,
       "type":"",
       "visible":true,
       "width":0,
       "x":305,
       "y":2226
      }, 
      {
       "height":0,
       "id":116,
       "name":"selenaCook",
       "rotation":0,
       "type":"",
       "visible":true,
       "width":0,
       "x":431.5,
       "y":2224
      }, 
      {
       "height":0,
       "id":117,
       "name":"selenaLive",
       "rotation":0,
       "type":"",
       "visible":true,
       "width":0,
       "x":400.667,
       "y":2448.67
      }, 
      {
       "height":0,
       "id":118,
       "name":"kaiCook",
       "rotation":0,
       "type":"",
       "visible":true,
       "width":0,
       "x":1073.33333333333,
       "y":2257.33333333333
      }, 
      {
       "height":0,
       "id":119,
       "name":"kaiData",
       "rotation":0,
       "type":"",
       "visible":true,
       "width":0,
       "x":914,
       "y":2386.66666666667
      }, 
      {
       "height":0,
       "id":120,
       "name":"kaiRead",
       "rotation":0,
       "type":"",
       "visible":true,
       "width":0,
       "x":1103.33333333333,
       "y":2382.66666666667
      }, 
      {
       "height":0,
       "id":121,
       "name":"kaiEat",
       "rotation":0,
       "type":"",
       "visible":true,
       "width":0,
       "x":1073.33333333333,
       "y":2447.33333333333
      }, 
      {
       "height":0,
       "id":122,
       "name":"kaiSleep",
       "rotation":0,
       "type":"",
       "visible":true,
       "width":0,
       "x":1230,
       "y":2448.66666666667
      }]
  }
}
