{
  "name": "VillageMap",
  "width": 5120,
  "height": 5120,
  "objectgroup": {
    "name": "object",
    "object": [
      {
        "id": "7",
        "name": "farmland1",
        "type": "farmland",
        "x": "408",
        "y": "792",
        "width": "170",
        "height": "170",
        "properties": {
          "property": [
            {
              "name": "description",
              "value": "左上角的农地块"
            },
            {
              "name": "linkNpcId",
              "type": "int",
              "value": "10002"
            }
          ]
        }
      },
      {
        "id": "10",
        "name": "farmland2",
        "type": "farmland",
        "x": "744",
        "y": "792",
        "width": "170",
        "height": "170",
        "properties": {
          "property": [
            {
              "name": "description",
              "value": "右上角的农地块"
            },
            {
              "name": "linkNpcId",
              "type": "int",
              "value": "10002"
            }
          ]
        }
      },
      {
        "id": "11",
        "name": "farmland3",
        "type": "farmland",
        "x": "416",
        "y": "1112",
        "width": "170",
        "height": "170",
        "properties": {
          "property": [
            {
              "name": "description",
              "value": "左下角的农地块"
            },
            {
              "name": "linkNpcId",
              "type": "int",
              "value": "10002"
            }
          ]
        }
      },
      {
        "id": "12",
        "name": "farmland4",
        "type": "farmland",
        "x": "744",
        "y": "1120",
        "width": "170",
        "height": "170",
        "properties": {
          "property": [
            {
              "name": "description",
              "value": "右下角的农地块"
            },
            {
              "name": "linkNpcId",
              "type": "int",
              "value": "10002"
            }
          ]
        }
      },
      {
        "id": "13",
        "name": "farmerBed",
        "type": "bed",
        "x": "1744",
        "y": "816",
        "width": "96",
        "height": "80",
        "properties": {
          "property": [
            {
              "name": "description",
              "value": "农夫的床"
            },
            {
              "name": "linkNpcId",
              "type": "int",
              "value": "10002"
            }
          ]
        }
      },
      {
        "id": "14",
        "name": "farmerCook",
        "type": "cook",
        "x": "1256",
        "y": "776",
        "width": "200",
        "height": "80",
        "properties": {
          "property": [
            {
              "name": "description",
              "value": "农夫的厨房"
            },
            {
              "name": "linkNpcId",
              "type": "int",
              "value": "10002"
            }
          ]
        }
      },
      {
        "id": "15",
        "name": "farmerTable",
        "type": "table",
        "x": "1288",
        "y": "1160",
        "width": "104",
        "height": "96",
        "properties": {
          "property": [
            {
              "name": "description",
              "value": "农夫的餐桌"
            },
            {
              "name": "linkNpcId",
              "type": "int",
              "value": "10002"
            }
          ]
        }
      },
      {
        "id": "17",
        "name": "breedingCow",
        "type": "breeding",
        "x": "3504",
        "y": "2320",
        "width": "128",
        "height": "64",
        "properties": {
          "property": [
            {
              "name": "description",
              "value": "养殖户的喂牛处"
            },
            {
              "name": "linkNpcId",
              "type": "int",
              "value": "10004"
            }
          ]
        }
      },
      {
        "id": "18",
        "name": "butcherCow",
        "type": "butcher",
        "x": "3496",
        "y": "2080",
        "width": "200",
        "height": "64",
        "properties": {
          "property": [
            {
              "name": "description",
              "value": "养殖户的宰牛处"
            },
            {
              "name": "linkNpcId",
              "type": "int",
              "value": "10004"
            }
          ]
        }
      },
      {
        "id": "19",
        "name": "breedingSheep",
        "type": "breeding",
        "x": "3632",
        "y": "1736",
        "width": "120",
        "height": "56",
        "properties": {
          "property": [
            {
              "name": "description",
              "value": "养殖户的喂羊处"
            },
            {
              "name": "linkNpcId",
              "type": "int",
              "value": "10004"
            }
          ]
        }
      },
      {
        "id": "20",
        "name": "butcherSheep",
        "type": "butcher",
        "x": "3480",
        "y": "1736",
        "width": "136",
        "height": "48",
        "properties": {
          "property": [
            {
              "name": "description",
              "value": "养殖户的宰羊处"
            },
            {
              "name": "linkNpcId",
              "type": "int",
              "value": "10004"
            }
          ]
        }
      },
      {
        "id": "21",
        "name": "breedingBed",
        "type": "bed",
        "x": "4824",
        "y": "1904",
        "width": "96",
        "height": "80",
        "properties": {
          "property": [
            {
              "name": "description",
              "value": "养殖户的床"
            },
            {
              "name": "linkNpcId",
              "type": "int",
              "value": "10004"
            }
          ]
        }
      },
      {
        "id": "22",
        "name": "breedingTable",
        "type": "table",
        "x": "4616",
        "y": "1968",
        "width": "120",
        "height": "80",
        "properties": {
          "property": [
            {
              "name": "description",
              "value": "养殖户的餐桌"
            },
            {
              "name": "linkNpcId",
              "type": "int",
              "value": "10004"
            }
          ]
        }
      },
      {
        "id": "23",
        "name": "breedingCook",
        "type": "cook",
        "x": "4328",
        "y": "1864",
        "width": "192",
        "height": "56",
        "properties": {
          "property": [
            {
              "name": "description",
              "value": "养殖户的厨房"
            },
            {
              "name": "linkNpcId",
              "type": "int",
              "value": "10004"
            }
          ]
        }
      },
      {
        "id": "24",
        "name": "bakerCook",
        "type": "cook",
        "x": "2896",
        "y": "3296",
        "width": "200",
        "height": "96",
        "properties": {
          "property": [
            {
              "name": "description",
              "value": "面包师的厨房"
            },
            {
              "name": "linkNpcId",
              "type": "int",
              "value": "10005"
            }
          ]
        }
      },
      {
        "id": "25",
        "name": "bakerTable",
        "type": "table",
        "x": "2856",
        "y": "3688",
        "width": "120",
        "height": "72",
        "properties": {
          "property": [
            {
              "name": "description",
              "value": "面包师的餐桌"
            },
            {
              "name": "linkNpcId",
              "type": "int",
              "value": "10005"
            }
          ]
        }
      },
      {
        "id": "26",
        "name": "bakerSaler1",
        "type": "bakerSaler",
        "x": "2520",
        "y": "4408",
        "width": "208",
        "height": "48",
        "properties": {
          "property": [
            {
              "name": "description",
              "value": "面包师的售货台1"
            },
            {
              "name": "linkNpcId",
              "type": "int",
              "value": "10005"
            }
          ]
        }
      },
      {
        "id": "27",
        "name": "bakerSaler2",
        "type": "bakerSaler",
        "x": "2936",
        "y": "4408",
        "width": "176",
        "height": "40",
        "properties": {
          "property": [
            {
              "name": "description",
              "value": "面包师的售货台2"
            },
            {
              "name": "linkNpcId",
              "type": "int",
              "value": "10005"
            }
          ]
        }
      },
      {
        "id": "28",
        "name": "bakerMake",
        "type": "bakerMake",
        "x": "3032",
        "y": "3880",
        "width": "128",
        "height": "88",
        "properties": {
          "property": [
            {
              "name": "description",
              "value": "面包师的工作间"
            },
            {
              "name": "linkNpcId",
              "type": "int",
              "value": "10005"
            }
          ]
        }
      },
      {
        "id": "29",
        "name": "salerPos",
        "type": "salerPos",
        "x": "1584",
        "y": "3992",
        "width": "184",
        "height": "56",
        "properties": {
          "property": [
            {
              "name": "description",
              "value": "售货员的售货台"
            },
            {
              "name": "linkNpcId",
              "type": "int",
              "value": "10003"
            }
          ]
        }
      },
      {
        "id": "31",
        "name": "salerBed",
        "type": "bed",
        "x": "864",
        "y": "3304",
        "width": "80",
        "height": "72",
        "properties": {
          "property": [
            {
              "name": "description",
              "value": "售货员的床"
            },
            {
              "name": "linkNpcId",
              "type": "int",
              "value": "10003"
            }
          ]
        }
      },
      {
        "id": "32",
        "name": "salerCook",
        "type": "cook",
        "x": "624",
        "y": "3648",
        "width": "184",
        "height": "64",
        "properties": {
          "property": [
            {
              "name": "description",
              "value": "售货员的厨房"
            },
            {
              "name": "linkNpcId",
              "type": "int",
              "value": "10003"
            }
          ]
        }
      },
      {
        "id": "37",
        "name": "salerTable",
        "type": "table",
        "x": "1216",
        "y": "3432",
        "width": "72",
        "height": "104",
        "properties": {
          "property": [
            {
              "name": "description",
              "value": "售货员的餐桌"
            },
            {
              "name": "linkNpcId",
              "type": "int",
              "value": "10003"
            }
          ]
        }
      },
      {
        "id": "39",
        "name": "bakerBed",
        "type": "bed",
        "x": "3240",
        "y": "3664",
        "width": "96",
        "height": "96",
        "properties": {
          "property": [
            {
              "name": "description",
              "value": "面包师的床"
            },
            {
              "name": "linkNpcId",
              "type": "int",
              "value": "10005"
            }
          ]
        }
      },
      {
        "id": "43",
        "name": "watering",
        "type": "watering",
        "x": "936",
        "y": "464",
        "width": "112",
        "height": "104",
        "properties": {
          "property": [
            {
              "name": "description",
              "value": "水井"
            },
            {
              "name": "linkNpcId",
              "type": "int",
              "value": "10002"
            }
          ]
        }
      },
      {
        "id": "47",
        "name": "bakerTV",
        "type": "TV",
        "x": "3016",
        "y": "3480",
        "width": "56",
        "height": "96",
        "properties": {
          "property": [
            {
              "name": "description",
              "value": "面包师的电视"
            },
            {
              "name": "linkNpcId",
              "type": "int",
              "value": "10005"
            }
          ]
        }
      }
    ]
  }
}
