[
  {
    "lifestyle": "wSatoshi spends his days reading, typing, thinking, and repairing the 小精灵, and he enjoy going out to meet other characters.",
    "id": 10006,
    "body_style": "fit and sturdy",
    "model": 10001,
    "learned": "wSatoshi is a hardworking researcher and engineer who reading, thinking, and using computer all day long.",
    "positionX": 1088,
    "positionY": 704,
    "last_name": "satoshi",
    "first_name": "satoshi",
    "bottoms": 100,
    "living_area": "house",
    "weight": 60,
    "map": 3,
    "top": 100,
    "name": "satoshi",
    "innate": "Visionary, Analytical, Persistent",
    "hair": 100,
    "age": 20,
    "type": 5,
    "height": 180,
    "property": "house"
  },
  {
    "lifestyle": "wSatoshi spends his days reading, typing, thinking, and repairing the 小精灵, and he enjoy going out to meet other characters.",
    "id": 10007,
    "body_style": "fit and sturdy",
    "model": 10001,
    "learned": "wSatoshi is a hardworking researcher and engineer who reading, thinking, and using computer all day long.",
    "positionX": 1280,
    "positionY": 1248,
    "last_name": "popcat",
    "first_name": "popcat",
    "bottoms": 100,
    "living_area": "house",
    "weight": 60,
    "map": 1,
    "top": 100,
    "name": "popcat",
    "innate": "Visionary, Analytical, Persistent",
    "hair": 100,
    "age": 20,
    "type": 6,
    "height": 180,
    "property": "house"
  },
  {
    "lifestyle": "wSatoshi spends his days reading, typing, thinking, and repairing the 小精灵, and he enjoy going out to meet other characters.",
    "id": 10008,
    "body_style": "fit and sturdy",
    "model": 10001,
    "learned": "wSatoshi is a hardworking researcher and engineer who reading, thinking, and using computer all day long.",
    "positionX": 1312,
    "positionY": 992,
    "last_name": "pepe",
    "first_name": "pepe",
    "bottoms": 100,
    "living_area": "house",
    "weight": 60,
    "map": 1,
    "top": 100,
    "name": "pepe",
    "innate": "Visionary, Analytical, Persistent",
    "hair": 100,
    "age": 20,
    "type": 7,
    "height": 180,
    "property": "house"
  },
  {
    "lifestyle": "wSatoshi spends his days reading, typing, thinking, and repairing the 小精灵, and he enjoy going out to meet other characters.",
    "id": 10009,
    "body_style": "fit and sturdy",
    "model": 10001,
    "learned": "wSatoshi is a hardworking researcher and engineer who reading, thinking, and using computer all day long.",
    "positionX": 960,
    "positionY": 2432,
    "last_name": "elon musk",
    "first_name": "elon musk",
    "bottoms": 100,
    "living_area": "house",
    "weight": 60,
    "map": 3,
    "top": 100,
    "name": "elon musk",
    "innate": "Visionary, Analytical, Persistent",
    "hair": 100,
    "age": 20,
    "type": 8,
    "height": 180,
    "property": "house"
  },
  {
    "lifestyle": "wSatoshi spends his days reading, typing, thinking, and repairing the 小精灵, and he enjoy going out to meet other characters.",
    "id": 10010,
    "body_style": "fit and sturdy",
    "model": 10001,
    "learned": "wSatoshi is a hardworking researcher and engineer who reading, thinking, and using computer all day long.",
    "positionX": 512,
    "positionY": 2112,
    "last_name": "pippin",
    "first_name": "pippin",
    "bottoms": 100,
    "living_area": "house",
    "weight": 60,
    "map": 1,
    "top": 100,
    "name": "pippin",
    "innate": "Visionary, Analytical, Persistent",
    "hair": 100,
    "age": 20,
    "type": 9,
    "height": 180,
    "property": "house"
  },
  {
    "lifestyle": "wSatoshi spends his days reading, typing, thinking, and repairing the 小精灵, and he enjoy going out to meet other characters.",
    "id": 10011,
    "body_style": "fit and sturdy",
    "model": 10001,
    "learned": "wSatoshi is a hardworking researcher and engineer who reading, thinking, and using computer all day long.",
    "positionX": 1120,
    "positionY": 3648,
    "last_name": "eliza",
    "first_name": "eliza",
    "bottoms": 100,
    "living_area": "house",
    "weight": 60,
    "map": 0,
    "top": 100,
    "name": "eliza",
    "innate": "Visionary, Analytical, Persistent",
    "hair": 100,
    "age": 20,
    "type": 10,
    "height": 180,
    "property": "house"
  },
  {
    "lifestyle": "wSatoshi spends his days reading, typing, thinking, and repairing the 小精灵, and he enjoy going out to meet other characters.",
    "id": 10012,
    "body_style": "fit and sturdy",
    "model": 10001,
    "learned": "wSatoshi is a hardworking researcher and engineer who reading, thinking, and using computer all day long.",
    "positionX": 352,
    "positionY": 288,
    "last_name": "trump",
    "first_name": "trump",
    "bottoms": 100,
    "living_area": "house",
    "weight": 60,
    "map": 3,
    "top": 100,
    "name": "trump",
    "innate": "Visionary, Analytical, Persistent",
    "hair": 100,
    "age": 20,
    "type": 11,
    "height": 180,
    "property": "house"
  },
  {
    "lifestyle": "wSatoshi spends his days reading, typing, thinking, and repairing the 小精灵, and he enjoy going out to meet other characters.",
    "id": 10013,
    "body_style": "fit and sturdy",
    "model": 10001,
    "learned": "wSatoshi is a hardworking researcher and engineer who reading, thinking, and using computer all day long.",
    "positionX": 1856,
    "positionY": 2304,
    "last_name": "morpheus",
    "first_name": "morpheus",
    "bottoms": 100,
    "living_area": "house",
    "weight": 60,
    "map": 0,
    "top": 100,
    "name": "morpheus",
    "innate": "Visionary, Analytical, Persistent",
    "hair": 100,
    "age": 20,
    "type": 12,
    "height": 180,
    "property": "house"
  },
  {
    "lifestyle": "wSatoshi spends his days reading, typing, thinking, and repairing the 小精灵, and he enjoy going out to meet other characters.",
    "id": 10014,
    "body_style": "fit and sturdy",
    "model": 10001,
    "learned": "wSatoshi is a hardworking researcher and engineer who reading, thinking, and using computer all day long.",
    "positionX": 864,
    "positionY": 2336,
    "last_name": "ava",
    "first_name": "ava",
    "bottoms": 100,
    "living_area": "house",
    "weight": 60,
    "map": 2,
    "top": 100,
    "name": "ava",
    "innate": "Visionary, Analytical, Persistent",
    "hair": 100,
    "age": 20,
    "type": 13,
    "height": 180,
    "property": "house"
  },
  {
    "lifestyle": "wSatoshi spends his days reading, typing, thinking, and repairing the 小精灵, and he enjoy going out to meet other characters.",
    "id": 10015,
    "body_style": "fit and sturdy",
    "model": 10001,
    "learned": "wSatoshi is a hardworking researcher and engineer who reading, thinking, and using computer all day long.",
    "positionX": 320,
    "positionY": 736,
    "last_name": "luna",
    "first_name": "luna",
    "bottoms": 100,
    "living_area": "house",
    "weight": 60,
    "map": 2,
    "top": 100,
    "name": "luna",
    "innate": "Visionary, Analytical, Persistent",
    "hair": 100,
    "age": 20,
    "type": 14,
    "height": 180,
    "property": "house"
  },
  {
    "lifestyle": "wSatoshi spends his days reading, typing, thinking, and repairing the 小精灵, and he enjoy going out to meet other characters.",
    "id": 10016,
    "body_style": "fit and sturdy",
    "model": 10001,
    "learned": "wSatoshi is a hardworking researcher and engineer who reading, thinking, and using computer all day long.",
    "positionX": 192,
    "positionY": 1504,
    "last_name": "leo",
    "first_name": "leo",
    "bottoms": 100,
    "living_area": "house",
    "weight": 60,
    "map": 4,
    "top": 100,
    "name": "leo",
    "innate": "Visionary, Analytical, Persistent",
    "hair": 100,
    "age": 20,
    "type": 15,
    "height": 180,
    "property": "house"
  },
  {
    "lifestyle": "wSatoshi spends his days reading, typing, thinking, and repairing the 小精灵, and he enjoy going out to meet other characters.",
    "id": 10017,
    "body_style": "fit and sturdy",
    "model": 10001,
    "learned": "wSatoshi is a hardworking researcher and engineer who reading, thinking, and using computer all day long.",
    "positionX": 384,
    "positionY": 2048,
    "last_name": "ivy",
    "first_name": "ivy",
    "bottoms": 100,
    "living_area": "house",
    "weight": 60,
    "map": 4,
    "top": 100,
    "name": "ivy",
    "innate": "Visionary, Analytical, Persistent",
    "hair": 100,
    "age": 20,
    "type": 16,
    "height": 180,
    "property": "house"
  },
  {
    "lifestyle": "wSatoshi spends his days reading, typing, thinking, and repairing the 小精灵, and he enjoy going out to meet other characters.",
    "id": 10018,
    "body_style": "fit and sturdy",
    "model": 10001,
    "learned": "wSatoshi is a hardworking researcher and engineer who reading, thinking, and using computer all day long.",
    "positionX": 928,
    "positionY": 2560,
    "last_name": "kai",
    "first_name": "kai",
    "bottoms": 100,
    "living_area": "house",
    "weight": 60,
    "map": 4,
    "top": 100,
    "name": "kai",
    "innate": "Visionary, Analytical, Persistent",
    "hair": 100,
    "age": 20,
    "type": 17,
    "height": 180,
    "property": "house"
  },
  {
    "lifestyle": "wSatoshi spends his days reading, typing, thinking, and repairing the 小精灵, and he enjoy going out to meet other characters.",
    "id": 10019,
    "body_style": "fit and sturdy",
    "model": 10001,
    "learned": "wSatoshi is a hardworking researcher and engineer who reading, thinking, and using computer all day long.",
    "positionX": 512,
    "positionY": 2240,
    "last_name": "qiu",
    "first_name": "qiu",
    "bottoms": 100,
    "living_area": "house",
    "weight": 60,
    "map": 4,
    "top": 100,
    "name": "qiu",
    "innate": "Visionary, Analytical, Persistent",
    "hair": 100,
    "age": 20,
    "type": 18,
    "height": 180,
    "property": "house"
  },
  {
    "lifestyle": "wSatoshi spends his days reading, typing, thinking, and repairing the 小精灵, and he enjoy going out to meet other characters.",
    "id": 10020,
    "body_style": "fit and sturdy",
    "model": 10001,
    "learned": "wSatoshi is a hardworking researcher and engineer who reading, thinking, and using computer all day long.",
    "positionX": 1184,
    "positionY": 640,
    "last_name": "nova",
    "first_name": "nova",
    "bottoms": 100,
    "living_area": "house",
    "weight": 60,
    "map": 4,
    "top": 100,
    "name": "nova",
    "innate": "Visionary, Analytical, Persistent",
    "hair": 100,
    "age": 20,
    "type": 19,
    "height": 180,
    "property": "house"
  },
  {
    "lifestyle": "wSatoshi spends his days reading, typing, thinking, and repairing the 小精灵, and he enjoy going out to meet other characters.",
    "id": 10021,
    "body_style": "fit and sturdy",
    "model": 10001,
    "learned": "wSatoshi is a hardworking researcher and engineer who reading, thinking, and using computer all day long.",
    "positionX": 256,
    "positionY": 896,
    "last_name": "aiden",
    "first_name": "aiden",
    "bottoms": 100,
    "living_area": "house",
    "weight": 60,
    "map": 4,
    "top": 100,
    "name": "aiden",
    "innate": "Visionary, Analytical, Persistent",
    "hair": 100,
    "age": 20,
    "type": 20,
    "height": 180,
    "property": "house"
  }
]