[
  {
    "shoes": 1,
    "handle": 0,
    "drawingBoard": 0,
    "wrench": 0,
    "fish": 3,
    "script": 0,
    "meat": 4,
    "coin": 99,
    "fishingRod": 0,
    "zoome": 0,
    "cock": 0,
    "goods": 1,
    "headphone": 0,
    "pen": 0,
    "rocket": 0,
    "disk": 0,
    "Artbook": 0,
    "coffee": 3,
    "hat": 0,
    "bait": 0,
    "vegetable": 4,
    "mushroom": 0,
    "id": 10008,
    "glasses": 0,
    "wheat": 3,
    "microphone": 0,
    "coffeeBean": 0
  },
  {
    "shoes": 0,
    "handle": 0,
    "drawingBoard": 0,
    "wrench": 0,
    "fish": 15,
    "script": 0,
    "meat": 5,
    "coin": 99,
    "fishingRod": 1,
    "zoome": 0,
    "cock": 0,
    "goods": 0,
    "headphone": 0,
    "pen": 0,
    "rocket": 0,
    "disk": 0,
    "Artbook": 0,
    "coffee": 2,
    "hat": 0,
    "bait": 1,
    "vegetable": 2,
    "mushroom": 0,
    "id": 10007,
    "glasses": 0,
    "wheat": 5,
    "microphone": 0,
    "coffeeBean": 0
  },
  {
    "shoes": 0,
    "handle": 0,
    "drawingBoard": 0,
    "wrench": 0,
    "fish": 2,
    "script": 1,
    "meat": 3,
    "coin": 99,
    "fishingRod": 0,
    "zoome": 0,
    "cock": 0,
    "goods": 0,
    "headphone": 0,
    "pen": 1,
    "rocket": 0,
    "disk": 0,
    "Artbook": 0,
    "coffee": 4,
    "hat": 0,
    "bait": 0,
    "vegetable": 4,
    "mushroom": 0,
    "id": 10006,
    "glasses": 0,
    "wheat": 2,
    "microphone": 0,
    "coffeeBean": 0
  },
  {
    "shoes": 0,
    "handle": 0,
    "drawingBoard": 0,
    "wrench": 1,
    "fish": 6,
    "script": 0,
    "meat": 4,
    "coin": 99,
    "fishingRod": 0,
    "zoome": 0,
    "cock": 0,
    "goods": 0,
    "headphone": 0,
    "pen": 0,
    "rocket": 1,
    "disk": 0,
    "Artbook": 0,
    "coffee": 5,
    "hat": 0,
    "bait": 0,
    "vegetable": 3,
    "mushroom": 0,
    "id": 10009,
    "glasses": 0,
    "wheat": 3,
    "microphone": 0,
    "coffeeBean": 0
  },
  {
    "shoes": 0,
    "handle": 0,
    "drawingBoard": 0,
    "wrench": 0,
    "fish": 1,
    "script": 0,
    "meat": 8,
    "coin": 99,
    "fishingRod": 0,
    "zoome": 0,
    "cock": 1,
    "goods": 0,
    "headphone": 0,
    "pen": 0,
    "rocket": 0,
    "disk": 0,
    "Artbook": 0,
    "coffee": 5,
    "hat": 1,
    "bait": 0,
    "vegetable": 6,
    "mushroom": 0,
    "id": 10012,
    "glasses": 0,
    "wheat": 4,
    "microphone": 0,
    "coffeeBean": 0
  },
  {
    "shoes": 0,
    "handle": 1,
    "drawingBoard": 0,
    "wrench": 0,
    "fish": 4,
    "script": 0,
    "meat": 4,
    "coin": 99,
    "fishingRod": 0,
    "zoome": 0,
    "cock": 0,
    "goods": 0,
    "headphone": 0,
    "pen": 0,
    "rocket": 0,
    "disk": 0,
    "Artbook": 0,
    "coffee": 2,
    "hat": 0,
    "bait": 0,
    "vegetable": 3,
    "mushroom": 0,
    "id": 10014,
    "glasses": 0,
    "wheat": 5,
    "microphone": 1,
    "coffeeBean": 0
  },
  {
    "shoes": 0,
    "handle": 0,
    "drawingBoard": 0,
    "wrench": 0,
    "fish": 5,
    "script": 0,
    "meat": 2,
    "coin": 99,
    "fishingRod": 0,
    "zoome": 0,
    "cock": 0,
    "goods": 0,
    "headphone": 0,
    "pen": 0,
    "rocket": 0,
    "disk": 0,
    "Artbook": 0,
    "coffee": 22,
    "hat": 0,
    "bait": 0,
    "vegetable": 4,
    "mushroom": 1,
    "id": 10010,
    "glasses": 0,
    "wheat": 3,
    "microphone": 0,
    "coffeeBean": 1
  },
  {
    "shoes": 0,
    "handle": 0,
    "drawingBoard": 0,
    "wrench": 0,
    "fish": 4,
    "script": 0,
    "meat": 4,
    "coin": 99,
    "fishingRod": 0,
    "zoome": 1,
    "cock": 0,
    "goods": 0,
    "headphone": 0,
    "pen": 0,
    "rocket": 0,
    "disk": 0,
    "Artbook": 0,
    "coffee": 2,
    "hat": 0,
    "bait": 0,
    "vegetable": 5,
    "mushroom": 0,
    "id": 10011,
    "glasses": 1,
    "wheat": 3,
    "microphone": 0,
    "coffeeBean": 0
  },
  {
    "shoes": 0,
    "handle": 0,
    "drawingBoard": 1,
    "wrench": 0,
    "fish": 3,
    "script": 0,
    "meat": 3,
    "coin": 99,
    "fishingRod": 0,
    "zoome": 0,
    "cock": 0,
    "goods": 0,
    "headphone": 0,
    "pen": 0,
    "rocket": 0,
    "disk": 0,
    "Artbook": 1,
    "coffee": 5,
    "hat": 0,
    "bait": 0,
    "vegetable": 4,
    "mushroom": 0,
    "id": 10013,
    "glasses": 0,
    "wheat": 4,
    "microphone": 0,
    "coffeeBean": 0
  },
  {
    "shoes": 0,
    "handle": 0,
    "drawingBoard": 0,
    "wrench": 0,
    "fish": 4,
    "script": 0,
    "meat": 2,
    "coin": 99,
    "fishingRod": 0,
    "zoome": 0,
    "cock": 0,
    "goods": 0,
    "headphone": 1,
    "pen": 0,
    "rocket": 0,
    "disk": 1,
    "Artbook": 0,
    "coffee": 3,
    "hat": 0,
    "bait": 0,
    "vegetable": 3,
    "mushroom": 0,
    "id": 10015,
    "glasses": 0,
    "wheat": 2,
    "microphone": 0,
    "coffeeBean": 0
  }
]