[
  {
    "name_cn": "Player",
    "name": "玩家NPC",
    "actions": [
      0
    ],
    "id": 0
  },
  {
    "name_cn": "Farmer",
    "name": "农民",
    "actions": [
      100,
      101,
      102,
      103,
      104,
      105,
      106,
      110,
      111
    ],
    "id": 1
  },
  {
    "name_cn": "Grocer",
    "name": "杂货店主",
    "actions": [
      102,
      103,
      104,
      105,
      106,
      107,
      108,
      110,
      111
    ],
    "id": 2
  },
  {
    "name_cn": "Herdman",
    "name": "牧民",
    "actions": [
      102,
      103,
      104,
      105,
      106,
      109,
      110,
      111
    ],
    "id": 3
  },
  {
    "name_cn": "Baker",
    "name": "面包师",
    "actions": [
      103,
      104,
      105,
      106,
      110,
      110,
      111
    ],
    "id": 4
  }
]