[
  {
    "item": [
      10101003,
      1
    ],
    "endTime": "",
    "discount": "",
    "itemDesc": "I want to eat eight cans a day.",
    "price": 20,
    "storeId": 1,
    "restrictedFrequency": 20,
    "icon": "",
    "startTime": "",
    "unlockNum": 0,
    "restrictedTime": 0,
    "sellersShow": "",
    "id": 1,
    "originalPprice": 20,
    "position": 1,
    "name": "Cat Cans",
    "unlock": 0
  },
  {
    "item": [
      10101004,
      1
    ],
    "endTime": "",
    "discount": "",
    "itemDesc": "I'm addicted! I can't get enough",
    "price": 5,
    "storeId": 1,
    "restrictedFrequency": 20,
    "icon": "",
    "startTime": "",
    "unlockNum": 0,
    "restrictedTime": 0,
    "sellersShow": "",
    "id": 2,
    "originalPprice": 5,
    "position": 2,
    "name": "Cat Treats",
    "unlock": 0
  },
  {
    "item": [
      10101005,
      1
    ],
    "endTime": "",
    "discount": "",
    "itemDesc": "My mood depends on your technique",
    "price": 5,
    "storeId": 1,
    "restrictedFrequency": 20,
    "icon": "",
    "startTime": "",
    "unlockNum": 0,
    "restrictedTime": 0,
    "sellersShow": "",
    "id": 3,
    "originalPprice": 5,
    "position": 3,
    "name": "Bath Sponge",
    "unlock": 0
  },
  {
    "item": [
      10101006,
      1
    ],
    "endTime": "",
    "discount": "",
    "itemDesc": "Weight Loss Tool？",
    "price": 10,
    "storeId": 1,
    "restrictedFrequency": 20,
    "icon": "",
    "startTime": "",
    "unlockNum": 0,
    "restrictedTime": 0,
    "sellersShow": "",
    "id": 4,
    "originalPprice": 10,
    "position": 4,
    "name": "Cat Wand",
    "unlock": 0
  },
  {
    "item": [
      10101007,
      1
    ],
    "endTime": "",
    "discount": "",
    "itemDesc": "This nail clipper is pretty good！",
    "price": 20,
    "storeId": 1,
    "restrictedFrequency": 20,
    "icon": "",
    "startTime": "",
    "unlockNum": 0,
    "restrictedTime": 0,
    "sellersShow": "",
    "id": 5,
    "originalPprice": 20,
    "position": 5,
    "name": "Scratcher",
    "unlock": 0
  },
  {
    "item": [
      10101008,
      1
    ],
    "endTime": "",
    "discount": "",
    "itemDesc": "Submit, Jerrys！",
    "price": 40,
    "storeId": 1,
    "restrictedFrequency": 20,
    "icon": "",
    "startTime": "",
    "unlockNum": 0,
    "restrictedTime": 0,
    "sellersShow": "",
    "id": 6,
    "originalPprice": 40,
    "position": 6,
    "name": "Mouse Toy",
    "unlock": 0
  }
]