{
  "name": "zhongbencongMap",
  "width": 2208,
  "height": 5632,
  "objectgroup": {
    "name": "object",
    "object":[
      {
       "height":0,
       "id":1,
       "name":"workbench",
       "rotation":0,
       "type":"",
       "visible":true,
       "width":0,
       "x":1167,
       "y":3119
      }, 
      {
       "height":0,
       "id":2,
       "name":"bookstack",
       "rotation":0,
       "type":"",
       "visible":true,
       "width":0,
       "x":1039.5,
       "y":3503
      }, 
      {
       "height":0,
       "id":3,
       "name":"chair",
       "rotation":0,
       "type":"",
       "visible":true,
       "width":0,
       "x":1136,
       "y":3536
      }, 
      {
       "height":0,
       "id":4,
       "name":"computer",
       "rotation":0,
       "type":"",
       "visible":true,
       "width":0,
       "x":1265,
       "y":3535.5
      }, 
      {
       "height":0,
       "id":5,
       "name":"pepeSleep",
       "rotation":0,
       "type":"",
       "visible":true,
       "width":0,
       "x":1008.45,
       "y":339.591
      }, 
      {
       "height":0,
       "id":6,
       "name":"pepeEat",
       "rotation":0,
       "type":"",
       "visible":true,
       "width":0,
       "x":1105.5,
       "y":398.5
      }, 
      {
       "height":0,
       "id":7,
       "name":"pepeRead",
       "rotation":0,
       "type":"",
       "visible":true,
       "width":0,
       "x":1105,
       "y":399.5
      }, 
      {
       "height":0,
       "id":8,
       "name":"pepeThink",
       "rotation":0,
       "type":"",
       "visible":true,
       "width":0,
       "x":1105.5,
       "y":399
      }, 
      {
       "height":0,
       "id":9,
       "name":"pepeCook",
       "rotation":0,
       "type":"",
       "visible":true,
       "width":0,
       "x":848,
       "y":496.5
      }, 
      {
       "height":0,
       "id":10,
       "name":"pepeGetItem",
       "rotation":0,
       "type":"",
       "visible":true,
       "width":0,
       "x":847.5,
       "y":656
      }, 
      {
       "height":0,
       "id":11,
       "name":"pepeCleanItem",
       "rotation":0,
       "type":"",
       "visible":true,
       "width":0,
       "x":1105,
       "y":656
      }, 
      {
       "height":0,
       "id":12,
       "name":"popcatSleep",
       "rotation":0,
       "type":"",
       "visible":true,
       "width":0,
       "x":1104,
       "y":1681
      }, 
      {
       "height":0,
       "id":13,
       "name":"popcatEat",
       "rotation":0,
       "type":"",
       "visible":true,
       "width":0,
       "x":1168,
       "y":1777
      }, 
      {
       "height":0,
       "id":14,
       "name":"popcatRead",
       "rotation":0,
       "type":"",
       "visible":true,
       "width":0,
       "x":1169,
       "y":1779
      }, 
      {
       "height":0,
       "id":15,
       "name":"popcatThink",
       "rotation":0,
       "type":"",
       "visible":true,
       "width":0,
       "x":1168.67,
       "y":1779.33
      }, 
      {
       "height":0,
       "id":16,
       "name":"popcatCook",
       "rotation":0,
       "type":"",
       "visible":true,
       "width":0,
       "x":1297,
       "y":1651
      }, 
      {
       "height":0,
       "id":17,
       "name":"popcatFish_up_1",
       "rotation":0,
       "type":"",
       "visible":true,
       "width":0,
       "x":912.667,
       "y":1997.33
      }, 
      {
       "height":0,
       "id":18,
       "name":"popcatFish_right_1",
       "rotation":0,
       "type":"",
       "visible":true,
       "width":0,
       "x":1201.33,
       "y":2064
      }, 
      {
       "height":0,
       "id":19,
       "name":"popcatFish_right_2",
       "rotation":0,
       "type":"",
       "visible":true,
       "width":0,
       "x":1202,
       "y":2033.33
      }, 
      {
       "height":0,
       "id":20,
       "name":"popcatFish_right_3",
       "rotation":0,
       "type":"",
       "visible":true,
       "width":0,
       "x":1201.33,
       "y":2096
      }, 
      {
       "height":0,
       "id":21,
       "name":"popcatFish_right_4",
       "rotation":0,
       "type":"",
       "visible":true,
       "width":0,
       "x":1201.33,
       "y":2130
      }, 
      {
       "height":0,
       "id":22,
       "name":"popcatFish_right_5",
       "rotation":0,
       "type":"",
       "visible":true,
       "width":0,
       "x":1200.33,
       "y":2160.88
      }, 
      {
       "height":0,
       "id":23,
       "name":"popcatFish_right_6",
       "rotation":0,
       "type":"",
       "visible":true,
       "width":0,
       "x":1263,
       "y":2382
      }, 
      {
       "height":0,
       "id":24,
       "name":"popcatFish_down_1",
       "rotation":0,
       "type":"",
       "visible":true,
       "width":0,
       "x":1008,
       "y":2288
      }, 
      {
       "height":0,
       "id":25,
       "name":"popcatFish_left_1",
       "rotation":0,
       "type":"",
       "visible":true,
       "width":0,
       "x":973,
       "y":2513
      }, 
      {
       "height":0,
       "id":26,
       "name":"popcatFish_left_2",
       "rotation":0,
       "type":"",
       "visible":true,
       "width":0,
       "x":974,
       "y":2544
      }, 
      {
       "height":0,
       "id":27,
       "name":"pepeSale",
       "rotation":0,
       "type":"",
       "visible":true,
       "width":0,
       "x":1134.67,
       "y":719.333
      }, 
      {
       "height":0,
       "id":28,
       "name":"pepeBuy",
       "rotation":0,
       "type":"",
       "visible":true,
       "width":0,
       "x":1136,
       "y":786
      }, 
      {
       "height":0,
       "id":34,
       "name":"popcatSale",
       "rotation":0,
       "type":"",
       "visible":true,
       "width":0,
       "x":847.25,
       "y":2383.5
      }, 
      {
       "height":0,
       "id":35,
       "name":"popcatBuy",
       "rotation":0,
       "type":"",
       "visible":true,
       "width":0,
       "x":881,
       "y":2384
      }, 
      {
       "height":0,
       "id":40,
       "name":"muskData_right_1",
       "rotation":0,
       "type":"",
       "visible":true,
       "width":0,
       "x":1232,
       "y":4464
      }, 
      {
       "height":0,
       "id":41,
       "name":"muskData_up_1",
       "rotation":0,
       "type":"",
       "visible":true,
       "width":0,
       "x":916,
       "y":4784
      }, 
      {
       "height":0,
       "id":42,
       "name":"muskData_left_1",
       "rotation":0,
       "type":"",
       "visible":true,
       "width":0,
       "x":1008,
       "y":5264
      }, 
      {
       "height":0,
       "id":43,
       "name":"muskMeeting",
       "rotation":0,
       "type":"",
       "visible":true,
       "width":0,
       "x":1358.67,
       "y":4720
      }, 
      {
       "height":0,
       "id":44,
       "name":"muskRead",
       "rotation":0,
       "type":"",
       "visible":true,
       "width":0,
       "x":1424,
       "y":4752
      }, 
      {
       "height":0,
       "id":45,
       "name":"muskEat",
       "rotation":0,
       "type":"",
       "visible":true,
       "width":0,
       "x":1261.33,
       "y":5005.33
      }, 
      {
       "height":0,
       "id":46,
       "name":"muskCook",
       "rotation":0,
       "type":"",
       "visible":true,
       "width":0,
       "x":1296,
       "y":5166.67
      }, 
      {
       "height":0,
       "id":47,
       "name":"muskSleep",
       "rotation":0,
       "type":"",
       "visible":true,
       "width":0,
       "x":1134.67,
       "y":4909.33
      }, 
      {
       "height":0,
       "id":48,
       "name":"muskThink",
       "rotation":0,
       "type":"",
       "visible":true,
       "width":0,
       "x":1390.67,
       "y":5389.33
      }, 
      {
       "height":0,
       "id":90,
       "name":"pippinSleep",
       "rotation":0,
       "type":"",
       "visible":true,
       "width":0,
       "x":430,
       "y":3086
      }, 
      {
       "height":0,
       "id":91,
       "name":"pippinCook",
       "rotation":0,
       "type":"",
       "visible":true,
       "width":0,
       "x":560,
       "y":3087
      }, 
      {
       "height":0,
       "id":92,
       "name":"pippinEat",
       "rotation":0,
       "type":"",
       "visible":true,
       "width":0,
       "x":528,
       "y":3186
      }, 
      {
       "height":0,
       "id":93,
       "name":"pippinThink",
       "rotation":0,
       "type":"",
       "visible":true,
       "width":0,
       "x":337,
       "y":3249
      }, 
      {
       "height":0,
       "id":94,
       "name":"pippinSale",
       "rotation":0,
       "type":"",
       "visible":true,
       "width":0,
       "x":591,
       "y":3312
      }, 
      {
       "height":0,
       "id":95,
       "name":"pippinMakeCoffee",
       "rotation":0,
       "type":"",
       "visible":true,
       "width":0,
       "x":658,
       "y":3309
      }, 
      {
       "height":0,
       "id":99,
       "name":"pippinBuy",
       "rotation":0,
       "type":"",
       "visible":true,
       "width":0,
       "x":590,
       "y":3374
      }, 
      {
       "height":0,
       "id":100,
       "name":"muskDricoffee",
       "rotation":0,
       "type":"",
       "visible":true,
       "width":0,
       "x":463,
       "y":3407
      }, 
      {
       "height":0,
       "id":101,
       "name":"pepeDricoffee",
       "rotation":0,
       "type":"",
       "visible":true,
       "width":0,
       "x":465,
       "y":3471
      }, 
      {
       "height":0,
       "id":102,
       "name":"popcatDricoffee",
       "rotation":0,
       "type":"",
       "visible":true,
       "width":0,
       "x":593,
       "y":3438
      }, 
      {
       "height":0,
       "id":103,
       "name":"satoshiDricoffee",
       "rotation":0,
       "type":"",
       "visible":true,
       "width":0,
       "x":593,
       "y":3504
      }, 
      {
       "height":0,
       "id":104,
       "name":"pippinRead",
       "rotation":0,
       "type":"",
       "visible":true,
       "width":0,
       "x":590.667,
       "y":3693.33
      }, 
      {
       "height":0,
       "id":106,
       "name":"elizaDricoffee",
       "rotation":0,
       "type":"",
       "visible":true,
       "width":0,
       "x":464,
       "y":3599
      }, 
      {
       "height":0,
       "id":107,
       "name":"satoshiTree",
       "rotation":0,
       "type":"",
       "visible":true,
       "width":0,
       "x":1233,
       "y":3983
      }, 
      {
       "height":0,
       "id":108,
       "name":"popcatTree",
       "rotation":0,
       "type":"",
       "visible":true,
       "width":0,
       "x":1267.5,
       "y":3986.5
      }, 
      {
       "height":0,
       "id":109,
       "name":"pepeTree",
       "rotation":0,
       "type":"",
       "visible":true,
       "width":0,
       "x":1297.5,
       "y":3984
      }, 
      {
       "height":0,
       "id":110,
       "name":"muskTree",
       "rotation":0,
       "type":"",
       "visible":true,
       "width":0,
       "x":1329.5,
       "y":3986.5
      }, 
      {
       "height":0,
       "id":111,
       "name":"pippinTree",
       "rotation":0,
       "type":"",
       "visible":true,
       "width":0,
       "x":1360.5,
       "y":3985
      }, 
      {
       "height":0,
       "id":112,
       "name":"elizaTree",
       "rotation":0,
       "type":"",
       "visible":true,
       "width":0,
       "x":1390.5,
       "y":3984
      }, 
      {
       "height":0,
       "id":113,
       "name":"trumpTree",
       "rotation":0,
       "type":"",
       "visible":true,
       "width":0,
       "x":1423.67,
       "y":3950
      }, 
      {
       "height":0,
       "id":114,
       "name":"trumpMeeting",
       "rotation":0,
       "type":"",
       "visible":true,
       "width":0,
       "x":1874,
       "y":1425.33
      }, 
      {
       "height":0,
       "id":115,
       "name":"trumpThink",
       "rotation":0,
       "type":"",
       "visible":true,
       "width":0,
       "x":1873.33,
       "y":1553.33
      }, 
      {
       "height":0,
       "id":116,
       "name":"trumpSleep",
       "rotation":0,
       "type":"",
       "visible":true,
       "width":0,
       "x":1648.67,
       "y":1774
      }, 
      {
       "height":0,
       "id":117,
       "name":"trumpRead",
       "rotation":0,
       "type":"",
       "visible":true,
       "width":0,
       "x":1617.33,
       "y":1872.67
      }, 
      {
       "height":0,
       "id":118,
       "name":"trumpEat",
       "rotation":0,
       "type":"",
       "visible":true,
       "width":0,
       "x":2032.67,
       "y":1870.67
      }, 
      {
       "height":0,
       "id":119,
       "name":"trumpCook",
       "rotation":0,
       "type":"",
       "visible":true,
       "width":0,
       "x":2096.67,
       "y":1714.67
      }, 
      {
       "height":0,
       "id":120,
       "name":"trumpSpeech",
       "rotation":0,
       "type":"",
       "visible":true,
       "width":0,
       "x":1872,
       "y":2034.67
      }, 
      {
       "height":0,
       "id":121,
       "name":"trumpDricoffee",
       "rotation":0,
       "type":"",
       "visible":true,
       "width":0,
       "x":686.667,
       "y":3436
      }, 
      {
       "height":0,
       "id":124,
       "name":"morpheusDricoffee",
       "rotation":0,
       "type":"",
       "visible":true,
       "width":0,
       "x":368,
       "y":3600
      }, 
      {
       "height":0,
       "id":125,
       "name":"morpheusTree",
       "rotation":0,
       "type":"",
       "visible":true,
       "width":0,
       "x":1424,
       "y":3919.33
      },
  
      {
       "height":0,
       "id":128,
       "name":"morpheusDraw_right_1",
       "rotation":0,
       "type":"",
       "visible":true,
       "width":0,
       "x":240,
       "y":3951.33
      }, 
      {
       "height":0,
       "id":129,
       "name":"morpheusDraw_up_1",
       "rotation":0,
       "type":"",
       "visible":true,
       "width":0,
       "x":1584,
       "y":976
      }, 
      {
       "height":0,
       "id":130,
       "name":"morpheusDraw_down_1",
       "rotation":0,
       "type":"",
       "visible":true,
       "width":0,
       "x":1425,
       "y":2511.5
      }, 
      {
       "height":0,
       "id":131,
       "name":"morpheusDraw_left_1",
       "rotation":0,
       "type":"",
       "visible":true,
       "width":0,
       "x":881.333,
       "y":1649.33
      }, 
      {
       "height":0,
       "id":132,
       "name":"morpheusDraw_right_2",
       "rotation":0,
       "type":"",
       "visible":true,
       "width":0,
       "x":974.667,
       "y":3058.67
      }, 
      {
       "height":0,
       "id":133,
       "name":"morpheusDraw_up_2",
       "rotation":0,
       "type":"",
       "visible":true,
       "width":0,
       "x":912,
       "y":5394
      }, 
      {
       "height":0,
       "id":139,
       "name":"avaGame",
       "rotation":0,
       "type":"",
       "visible":true,
       "width":0,
       "x":1584,
       "y":3216.66666666667
      }, 
      {
       "height":0,
       "id":140,
       "name":"avaData",
       "rotation":0,
       "type":"",
       "visible":true,
       "width":0,
       "x":1807.33333333333,
       "y":3151.33333333333
      }, 
      {
       "height":0,
       "id":141,
       "name":"avaRead",
       "rotation":0,
       "type":"",
       "visible":true,
       "width":0,
       "x":1871.33333333333,
       "y":3247.33333333333
      }, 
      {
       "height":0,
       "id":142,
       "name":"avaCook",
       "rotation":0,
       "type":"",
       "visible":true,
       "width":0,
       "x":1876,
       "y":3374
      }, 
      {
       "height":0,
       "id":143,
       "name":"avaEat",
       "rotation":0,
       "type":"",
       "visible":true,
       "width":0,
       "x":1870.66666666667,
       "y":3438.66666666667
      }, 
      {
       "height":0,
       "id":144,
       "name":"avaSleep",
       "rotation":0,
       "type":"",
       "visible":true,
       "width":0,
       "x":1615,
       "y":3343
      }, 
      {
       "height":0,
       "id":145,
       "name":"avaThink",
       "rotation":0,
       "type":"",
       "visible":true,
       "width":0,
       "x":1745,
       "y":4082
      }, 
      {
       "height":0,
       "id":148,
       "name":"avaDricoffee",
       "rotation":0,
       "type":"",
       "visible":true,
       "width":0,
       "x":464,
       "y":3343
      }, 
      {
       "height":0,
       "id":170,
       "name":"lunaSing",
       "rotation":0,
       "type":"",
       "visible":true,
       "width":0,
       "x":368,
       "y":1714.66666666667
      }, 
      {
       "height":0,
       "id":171,
       "name":"lunaEat",
       "rotation":0,
       "type":"",
       "visible":true,
       "width":0,
       "x":337.333333333333,
       "y":2352
      }, 
      {
       "height":0,
       "id":172,
       "name":"lunaSleep",
       "rotation":0,
       "type":"",
       "visible":true,
       "width":0,
       "x":174,
       "y":2384
      }, 
      {
       "height":0,
       "id":173,
       "name":"lunaCook",
       "rotation":0,
       "type":"",
       "visible":true,
       "width":0,
       "x":435.333333333333,
       "y":2510.66666666667
      }, 
      {
       "height":0,
       "id":174,
       "name":"lunaRead",
       "rotation":0,
       "type":"",
       "visible":true,
       "width":0,
       "x":335.333333333333,
       "y":2670.66666666667
      }, 
      {
       "height":0,
       "id":175,
       "name":"lunaThink",
       "rotation":0,
       "type":"",
       "visible":true,
       "width":0,
       "x":526,
       "y":2709.33333333333
      }]
  }
}
